omitted_study,omitted_author,omitted_year,pooled_log_odds_ratio,pooled_odds_ratio,tau_squared,i_squared_percent
1,Aronson,1948,-0.7367722455492473,0.4786564101431209,0.3616351358751603,93.07945628826613
2,Ferguson & Simes,1949,-0.6815577415272186,0.5058284283870733,0.31422388609957586,92.07274400909387
3,Rosenthal et al,1960,-0.715498580514476,0.4889482709337571,0.3464430587919413,92.80793634784267
4,Hart & Sutherland,1977,-0.6634356837275099,0.5150786437183913,0.2971375325691578,90.53158402462378
5,Frimodt-Moller et al,1973,-0.7975190402693804,0.45044511517340186,0.3515126241373004,92.55136165542974
6,Stein & Aronson,1953,-0.7255621760750082,0.48405236978925537,0.3790937261533873,91.22107229853258
7,Vandiviere et al,1973,-0.6862592533590802,0.5034558517649766,0.3202570284962498,92.21926534563964
8,TPT Madras,1980,-0.8284272125952524,0.436735638748654,0.2941939456859427,86.78015944615123
9,Coetzee & Berjak,1968,-0.7744137661464182,0.46097394033239697,0.3751411469519549,93.02195571866665
10,Rosenthal et al,1961,-0.684135728016064,0.5045260889610201,0.32643479738705355,92.16015045826556
11,Comstock et al,1974,-0.7912460662129702,0.45327962680881906,0.3646881010150701,91.42508747694094
12,Comstock & Webster,1969,-0.79341759423051506,0.4522963853539807,0.33109691185735335,92.50884467668273
13,Comstock et al,1976,-0.811297041117257,0.44428144105382217,0.32573531714206205,92.12890933157925
