variable,description
study_id,Study identifier
author,Study author or study label
year,Publication year
treatment_events,Tuberculosis cases in the BCG-vaccinated group
treatment_non_events,Participants without tuberculosis in the BCG-vaccinated group
control_events,Tuberculosis cases in the non-vaccinated control group
control_non_events,Participants without tuberculosis in the non-vaccinated control group
treatment_total,Total participants in the BCG-vaccinated group
control_total,Total participants in the non-vaccinated control group
absolute_latitude,Absolute latitude of the study location in degrees
allocation_method,Reported treatment-allocation method
