study_id,author,year,treatment_events,treatment_non_events,control_events,control_non_events,absolute_latitude,allocation_method,treatment_total,control_total,yi,vi,odds_ratio,ci_lower,ci_upper
1,Aronson,1948,4,119,11,128,44,random,123,139,-0.9386941408703922,0.3571249522536287,0.39113827349121466,0.12123932233581618,1.2618773022001013
2,Ferguson & Simes,1949,6,300,29,274,55,random,306,303,-1.6661907290265496,0.208132393657186,0.18896551724137936,0.07727593406441353,0.4620839222278126
3,Rosenthal et al,1960,3,228,11,209,42,random,231,220,-1.3862943611198908,0.43341307814992025,0.24999999999999994,0.06879370553298976,0.9085133518506043
4,Hart & Sutherland,1977,62,13536,248,12619,52,random,13598,12867,-1.4564435493129846,0.020314412973197363,0.2330636820330969,0.17625919260701903,0.3081750181616423
5,Frimodt-Moller et al,1973,33,5036,47,5761,13,alternate,5069,5808,-0.21914108567543256,0.05195177731712027,0.803208388961182,0.5138198490454834,1.255583483775671
6,Stein & Aronson,1953,180,1361,372,1079,44,alternate,1541,1451,-0.9581220407762674,0.00990526551533824,0.3836126188049585,0.31562785496273216,0.4662409828301567
7,Vandiviere et al,1973,8,2537,10,619,19,random,2545,629,-1.633775838228896,0.2270096752234936,0.19519117067402433,0.07671728233864249,0.4966233415427612
8,TPT Madras,1980,505,87886,499,87892,13,random,88391,88391,0.012020601452732649,0.004006962012148831,1.0120931392402721,0.8940008854058223,1.145784684578074
9,Coetzee & Berjak,1968,29,7470,45,7232,27,random,7499,7277,-0.471746035838696,0.05697712398776266,0.6239119440725868,0.39078579342160824,0.9961112213116355
10,Rosenthal et al,1961,17,1699,65,1600,42,systematic,1716,1665,-1.401210139283481,0.0754217263149204,0.24629872775840977,0.14377793922630405,0.421921913903138
11,Comstock et al,1974,186,50448,141,27197,18,systematic,50634,27338,-0.34084964636621073,0.012525133820215518,0.711165826534675,0.571092260582162,0.885595669454857
12,Comstock & Webster,1969,5,2493,3,2338,33,systematic,2498,2341,0.44663468227444625,0.5341621724747171,1.5630431875919237,0.37311867779018887,6.547793374341129
13,Comstock et al,1976,27,16886,29,17825,33,systematic,16913,17854,-0.017341873929093587,0.07163511729565875,0.9828076308878605,0.5816242090293116,1.6607129213954899
